organization_id,name,description,image_url,created_at,updated_at
1,Org1,Description1,http://img.org/1,2024-10-21 15:06:06,2024-10-21 15:06:06
2,Org2,Description2,http://img.org/2,2025-05-06 15:06:06,2025-05-06 15:06:06
3,Org3,Description3,http://img.org/3,2024-12-21 15:06:06,2024-12-21 15:06:06
4,Org4,Description4,http://img.org/4,2024-12-08 15:06:06,2024-12-08 15:06:06
5,Org5,Description5,http://img.org/5,2025-06-02 15:06:06,2025-06-02 15:06:06
6,Org6,Description6,http://img.org/6,2025-02-10 15:06:06,2025-02-10 15:06:06
7,Org7,Description7,http://img.org/7,2024-10-24 15:06:06,2024-10-24 15:06:06
8,Org8,Description8,http://img.org/8,2024-11-28 15:06:06,2024-11-28 15:06:06
9,Org9,Description9,http://img.org/9,2025-06-14 15:06:06,2025-06-14 15:06:06
10,Org10,Description10,http://img.org/10,2025-09-10 15:06:06,2025-09-10 15:06:06
11,Org11,Description11,http://img.org/11,2025-02-07 15:06:06,2025-02-07 15:06:06
12,Org12,Description12,http://img.org/12,2024-12-25 15:06:06,2024-12-25 15:06:06
13,Org13,Description13,http://img.org/13,2025-04-01 15:06:06,2025-04-01 15:06:06
14,Org14,Description14,http://img.org/14,2024-12-23 15:06:06,2024-12-23 15:06:06
15,Org15,Description15,http://img.org/15,2024-10-08 15:06:06,2024-10-08 15:06:06
16,Org16,Description16,http://img.org/16,2025-05-15 15:06:06,2025-05-15 15:06:06
17,Org17,Description17,http://img.org/17,2024-11-30 15:06:06,2024-11-30 15:06:06
18,Org18,Description18,http://img.org/18,2025-06-29 15:06:06,2025-06-29 15:06:06
19,Org19,Description19,http://img.org/19,2025-09-19 15:06:06,2025-09-19 15:06:06
20,Org20,Description20,http://img.org/20,2025-07-18 15:06:06,2025-07-18 15:06:06
21,Org21,Description21,http://img.org/21,2025-01-05 15:06:06,2025-01-05 15:06:06
22,Org22,Description22,http://img.org/22,2024-10-21 15:06:06,2024-10-21 15:06:06
23,Org23,Description23,http://img.org/23,2025-02-09 15:06:06,2025-02-09 15:06:06
24,Org24,Description24,http://img.org/24,2025-07-01 15:06:06,2025-07-01 15:06:06
25,Org25,Description25,http://img.org/25,2025-01-06 15:06:06,2025-01-06 15:06:06
26,Org26,Description26,http://img.org/26,2025-02-01 15:06:06,2025-02-01 15:06:06
27,Org27,Description27,http://img.org/27,2025-05-08 15:06:06,2025-05-08 15:06:06
28,Org28,Description28,http://img.org/28,2025-01-07 15:06:06,2025-01-07 15:06:06
29,Org29,Description29,http://img.org/29,2024-10-05 15:06:06,2024-10-05 15:06:06
30,Org30,Description30,http://img.org/30,2025-05-17 15:06:06,2025-05-17 15:06:06
31,Org31,Description31,http://img.org/31,2024-11-26 15:06:06,2024-11-26 15:06:06
32,Org32,Description32,http://img.org/32,2025-01-29 15:06:06,2025-01-29 15:06:06
33,Org33,Description33,http://img.org/33,2025-01-28 15:06:06,2025-01-28 15:06:06
34,Org34,Description34,http://img.org/34,2025-04-05 15:06:06,2025-04-05 15:06:06
35,Org35,Description35,http://img.org/35,2024-12-25 15:06:06,2024-12-25 15:06:06
36,Org36,Description36,http://img.org/36,2025-04-27 15:06:06,2025-04-27 15:06:06
37,Org37,Description37,http://img.org/37,2025-03-20 15:06:06,2025-03-20 15:06:06
38,Org38,Description38,http://img.org/38,2025-01-14 15:06:06,2025-01-14 15:06:06
39,Org39,Description39,http://img.org/39,2025-07-07 15:06:06,2025-07-07 15:06:06
40,Org40,Description40,http://img.org/40,2025-09-23 15:06:06,2025-09-23 15:06:06
41,Org41,Description41,http://img.org/41,2025-01-28 15:06:06,2025-01-28 15:06:06
42,Org42,Description42,http://img.org/42,2025-01-01 15:06:06,2025-01-01 15:06:06
43,Org43,Description43,http://img.org/43,2025-02-23 15:06:06,2025-02-23 15:06:06
44,Org44,Description44,http://img.org/44,2025-07-04 15:06:06,2025-07-04 15:06:06
45,Org45,Description45,http://img.org/45,2024-11-15 15:06:06,2024-11-15 15:06:06
46,Org46,Description46,http://img.org/46,2024-10-09 15:06:06,2024-10-09 15:06:06
47,Org47,Description47,http://img.org/47,2025-06-30 15:06:06,2025-06-30 15:06:06
48,Org48,Description48,http://img.org/48,2025-04-03 15:06:06,2025-04-03 15:06:06
49,Org49,Description49,http://img.org/49,2025-02-15 15:06:06,2025-02-15 15:06:06
50,Org50,Description50,http://img.org/50,2024-11-27 15:06:06,2024-11-27 15:06:06
51,Org51,Description51,http://img.org/51,2025-07-22 15:06:06,2025-07-22 15:06:06
52,Org52,Description52,http://img.org/52,2025-08-14 15:06:06,2025-08-14 15:06:06
53,Org53,Description53,http://img.org/53,2025-07-28 15:06:06,2025-07-28 15:06:06
54,Org54,Description54,http://img.org/54,2024-11-18 15:06:06,2024-11-18 15:06:06
55,Org55,Description55,http://img.org/55,2025-05-26 15:06:06,2025-05-26 15:06:06
56,Org56,Description56,http://img.org/56,2025-09-12 15:06:06,2025-09-12 15:06:06
57,Org57,Description57,http://img.org/57,2025-02-27 15:06:06,2025-02-27 15:06:06
58,Org58,Description58,http://img.org/58,2025-01-31 15:06:06,2025-01-31 15:06:06
59,Org59,Description59,http://img.org/59,2025-07-31 15:06:06,2025-07-31 15:06:06
60,Org60,Description60,http://img.org/60,2025-08-22 15:06:06,2025-08-22 15:06:06
61,Org61,Description61,http://img.org/61,2024-12-16 15:06:06,2024-12-16 15:06:06
62,Org62,Description62,http://img.org/62,2025-04-30 15:06:06,2025-04-30 15:06:06
63,Org63,Description63,http://img.org/63,2025-04-22 15:06:06,2025-04-22 15:06:06
64,Org64,Description64,http://img.org/64,2025-09-02 15:06:06,2025-09-02 15:06:06
65,Org65,Description65,http://img.org/65,2025-04-16 15:06:06,2025-04-16 15:06:06
66,Org66,Description66,http://img.org/66,2025-02-13 15:06:06,2025-02-13 15:06:06
67,Org67,Description67,http://img.org/67,2025-05-02 15:06:06,2025-05-02 15:06:06
68,Org68,Description68,http://img.org/68,2025-08-26 15:06:06,2025-08-26 15:06:06
69,Org69,Description69,http://img.org/69,2025-07-11 15:06:06,2025-07-11 15:06:06
70,Org70,Description70,http://img.org/70,2025-08-21 15:06:06,2025-08-21 15:06:06
71,Org71,Description71,http://img.org/71,2024-10-23 15:06:06,2024-10-23 15:06:06
72,Org72,Description72,http://img.org/72,2025-07-06 15:06:06,2025-07-06 15:06:06
73,Org73,Description73,http://img.org/73,2025-06-03 15:06:06,2025-06-03 15:06:06
74,Org74,Description74,http://img.org/74,2025-05-26 15:06:06,2025-05-26 15:06:06
75,Org75,Description75,http://img.org/75,2025-08-14 15:06:06,2025-08-14 15:06:06
76,Org76,Description76,http://img.org/76,2025-03-26 15:06:06,2025-03-26 15:06:06
77,Org77,Description77,http://img.org/77,2024-12-04 15:06:06,2024-12-04 15:06:06
78,Org78,Description78,http://img.org/78,2025-01-21 15:06:06,2025-01-21 15:06:06
79,Org79,Description79,http://img.org/79,2025-05-15 15:06:06,2025-05-15 15:06:06
80,Org80,Description80,http://img.org/80,2025-09-08 15:06:06,2025-09-08 15:06:06
81,Org81,Description81,http://img.org/81,2024-11-10 15:06:06,2024-11-10 15:06:06
82,Org82,Description82,http://img.org/82,2025-07-07 15:06:06,2025-07-07 15:06:06
83,Org83,Description83,http://img.org/83,2025-07-22 15:06:06,2025-07-22 15:06:06
84,Org84,Description84,http://img.org/84,2024-12-22 15:06:06,2024-12-22 15:06:06
85,Org85,Description85,http://img.org/85,2025-01-29 15:06:06,2025-01-29 15:06:06
86,Org86,Description86,http://img.org/86,2024-10-20 15:06:06,2024-10-20 15:06:06
87,Org87,Description87,http://img.org/87,2025-05-03 15:06:06,2025-05-03 15:06:06
88,Org88,Description88,http://img.org/88,2025-04-11 15:06:06,2025-04-11 15:06:06
89,Org89,Description89,http://img.org/89,2025-05-15 15:06:06,2025-05-15 15:06:06
90,Org90,Description90,http://img.org/90,2024-12-24 15:06:06,2024-12-24 15:06:06
91,Org91,Description91,http://img.org/91,2025-06-03 15:06:06,2025-06-03 15:06:06
92,Org92,Description92,http://img.org/92,2025-06-01 15:06:06,2025-06-01 15:06:06
93,Org93,Description93,http://img.org/93,2025-06-28 15:06:06,2025-06-28 15:06:06
94,Org94,Description94,http://img.org/94,2025-04-03 15:06:06,2025-04-03 15:06:06
95,Org95,Description95,http://img.org/95,2025-08-27 15:06:06,2025-08-27 15:06:06
96,Org96,Description96,http://img.org/96,2024-12-22 15:06:06,2024-12-22 15:06:06
97,Org97,Description97,http://img.org/97,2024-10-19 15:06:06,2024-10-19 15:06:06
98,Org98,Description98,http://img.org/98,2024-12-02 15:06:06,2024-12-02 15:06:06
99,Org99,Description99,http://img.org/99,2025-01-14 15:06:06,2025-01-14 15:06:06
100,Org100,Description100,http://img.org/100,2025-06-16 15:06:06,2025-06-16 15:06:06
101,Org101,Description101,http://img.org/101,2025-07-19 15:06:06,2025-07-19 15:06:06
102,Org102,Description102,http://img.org/102,2024-11-08 15:06:06,2024-11-08 15:06:06
103,Org103,Description103,http://img.org/103,2024-11-28 15:06:06,2024-11-28 15:06:06
104,Org104,Description104,http://img.org/104,2025-05-12 15:06:06,2025-05-12 15:06:06
105,Org105,Description105,http://img.org/105,2024-10-06 15:06:06,2024-10-06 15:06:06
106,Org106,Description106,http://img.org/106,2025-03-27 15:06:06,2025-03-27 15:06:06
107,Org107,Description107,http://img.org/107,2025-04-29 15:06:06,2025-04-29 15:06:06
108,Org108,Description108,http://img.org/108,2024-10-04 15:06:06,2024-10-04 15:06:06
109,Org109,Description109,http://img.org/109,2024-10-28 15:06:06,2024-10-28 15:06:06
110,Org110,Description110,http://img.org/110,2024-11-02 15:06:06,2024-11-02 15:06:06
111,Org111,Description111,http://img.org/111,2025-03-26 15:06:06,2025-03-26 15:06:06
112,Org112,Description112,http://img.org/112,2025-02-01 15:06:06,2025-02-01 15:06:06
113,Org113,Description113,http://img.org/113,2024-10-27 15:06:06,2024-10-27 15:06:06
114,Org114,Description114,http://img.org/114,2025-04-29 15:06:06,2025-04-29 15:06:06
115,Org115,Description115,http://img.org/115,2025-03-06 15:06:06,2025-03-06 15:06:06
116,Org116,Description116,http://img.org/116,2024-10-24 15:06:06,2024-10-24 15:06:06
117,Org117,Description117,http://img.org/117,2024-12-12 15:06:06,2024-12-12 15:06:06
118,Org118,Description118,http://img.org/118,2025-07-26 15:06:06,2025-07-26 15:06:06
119,Org119,Description119,http://img.org/119,2025-07-17 15:06:06,2025-07-17 15:06:06
120,Org120,Description120,http://img.org/120,2025-02-13 15:06:06,2025-02-13 15:06:06
121,Org121,Description121,http://img.org/121,2024-09-29 15:06:06,2024-09-29 15:06:06
122,Org122,Description122,http://img.org/122,2024-10-23 15:06:06,2024-10-23 15:06:06
123,Org123,Description123,http://img.org/123,2025-04-02 15:06:06,2025-04-02 15:06:06
124,Org124,Description124,http://img.org/124,2025-07-23 15:06:06,2025-07-23 15:06:06
125,Org125,Description125,http://img.org/125,2025-07-26 15:06:06,2025-07-26 15:06:06
126,Org126,Description126,http://img.org/126,2025-05-08 15:06:06,2025-05-08 15:06:06
127,Org127,Description127,http://img.org/127,2025-08-08 15:06:06,2025-08-08 15:06:06
128,Org128,Description128,http://img.org/128,2024-12-27 15:06:06,2024-12-27 15:06:06
129,Org129,Description129,http://img.org/129,2025-04-26 15:06:06,2025-04-26 15:06:06
130,Org130,Description130,http://img.org/130,2025-03-10 15:06:06,2025-03-10 15:06:06
131,Org131,Description131,http://img.org/131,2024-10-21 15:06:06,2024-10-21 15:06:06
132,Org132,Description132,http://img.org/132,2025-02-23 15:06:06,2025-02-23 15:06:06
133,Org133,Description133,http://img.org/133,2025-04-27 15:06:06,2025-04-27 15:06:06
134,Org134,Description134,http://img.org/134,2025-08-16 15:06:06,2025-08-16 15:06:06
135,Org135,Description135,http://img.org/135,2025-02-10 15:06:06,2025-02-10 15:06:06
136,Org136,Description136,http://img.org/136,2025-06-13 15:06:06,2025-06-13 15:06:06
137,Org137,Description137,http://img.org/137,2025-02-12 15:06:06,2025-02-12 15:06:06
138,Org138,Description138,http://img.org/138,2025-03-06 15:06:06,2025-03-06 15:06:06
139,Org139,Description139,http://img.org/139,2025-07-02 15:06:06,2025-07-02 15:06:06
140,Org140,Description140,http://img.org/140,2025-04-16 15:06:06,2025-04-16 15:06:06
141,Org141,Description141,http://img.org/141,2025-07-16 15:06:06,2025-07-16 15:06:06
142,Org142,Description142,http://img.org/142,2024-11-19 15:06:06,2024-11-19 15:06:06
143,Org143,Description143,http://img.org/143,2025-02-13 15:06:06,2025-02-13 15:06:06
144,Org144,Description144,http://img.org/144,2025-07-20 15:06:06,2025-07-20 15:06:06
145,Org145,Description145,http://img.org/145,2025-01-03 15:06:06,2025-01-03 15:06:06
146,Org146,Description146,http://img.org/146,2025-02-12 15:06:06,2025-02-12 15:06:06
147,Org147,Description147,http://img.org/147,2024-11-30 15:06:06,2024-11-30 15:06:06
148,Org148,Description148,http://img.org/148,2025-07-07 15:06:06,2025-07-07 15:06:06
149,Org149,Description149,http://img.org/149,2025-08-15 15:06:06,2025-08-15 15:06:06
150,Org150,Description150,http://img.org/150,2024-11-27 15:06:06,2024-11-27 15:06:06
151,Org151,Description151,http://img.org/151,2025-09-08 15:06:06,2025-09-08 15:06:06
152,Org152,Description152,http://img.org/152,2025-08-28 15:06:06,2025-08-28 15:06:06
153,Org153,Description153,http://img.org/153,2024-12-02 15:06:06,2024-12-02 15:06:06
154,Org154,Description154,http://img.org/154,2025-03-30 15:06:06,2025-03-30 15:06:06
155,Org155,Description155,http://img.org/155,2024-10-26 15:06:06,2024-10-26 15:06:06
156,Org156,Description156,http://img.org/156,2025-08-25 15:06:06,2025-08-25 15:06:06
157,Org157,Description157,http://img.org/157,2025-05-13 15:06:06,2025-05-13 15:06:06
158,Org158,Description158,http://img.org/158,2025-02-13 15:06:06,2025-02-13 15:06:06
159,Org159,Description159,http://img.org/159,2024-10-16 15:06:06,2024-10-16 15:06:06
160,Org160,Description160,http://img.org/160,2025-06-24 15:06:06,2025-06-24 15:06:06
161,Org161,Description161,http://img.org/161,2025-06-23 15:06:06,2025-06-23 15:06:06
162,Org162,Description162,http://img.org/162,2025-05-13 15:06:06,2025-05-13 15:06:06
163,Org163,Description163,http://img.org/163,2025-05-01 15:06:06,2025-05-01 15:06:06
164,Org164,Description164,http://img.org/164,2025-05-14 15:06:06,2025-05-14 15:06:06
165,Org165,Description165,http://img.org/165,2025-06-23 15:06:06,2025-06-23 15:06:06
166,Org166,Description166,http://img.org/166,2025-03-15 15:06:06,2025-03-15 15:06:06
167,Org167,Description167,http://img.org/167,2024-12-18 15:06:06,2024-12-18 15:06:06
168,Org168,Description168,http://img.org/168,2024-12-20 15:06:06,2024-12-20 15:06:06
169,Org169,Description169,http://img.org/169,2025-05-13 15:06:06,2025-05-13 15:06:06
170,Org170,Description170,http://img.org/170,2025-08-29 15:06:06,2025-08-29 15:06:06
171,Org171,Description171,http://img.org/171,2025-07-26 15:06:06,2025-07-26 15:06:06
172,Org172,Description172,http://img.org/172,2025-07-12 15:06:06,2025-07-12 15:06:06
173,Org173,Description173,http://img.org/173,2024-10-24 15:06:06,2024-10-24 15:06:06
174,Org174,Description174,http://img.org/174,2025-09-06 15:06:06,2025-09-06 15:06:06
175,Org175,Description175,http://img.org/175,2025-06-02 15:06:06,2025-06-02 15:06:06
176,Org176,Description176,http://img.org/176,2025-08-08 15:06:06,2025-08-08 15:06:06
177,Org177,Description177,http://img.org/177,2024-12-26 15:06:06,2024-12-26 15:06:06
178,Org178,Description178,http://img.org/178,2025-07-01 15:06:06,2025-07-01 15:06:06
179,Org179,Description179,http://img.org/179,2024-11-26 15:06:06,2024-11-26 15:06:06
180,Org180,Description180,http://img.org/180,2025-08-20 15:06:06,2025-08-20 15:06:06
181,Org181,Description181,http://img.org/181,2024-10-05 15:06:06,2024-10-05 15:06:06
182,Org182,Description182,http://img.org/182,2025-08-21 15:06:06,2025-08-21 15:06:06
183,Org183,Description183,http://img.org/183,2025-09-01 15:06:06,2025-09-01 15:06:06
184,Org184,Description184,http://img.org/184,2025-07-28 15:06:06,2025-07-28 15:06:06
185,Org185,Description185,http://img.org/185,2025-06-25 15:06:06,2025-06-25 15:06:06
186,Org186,Description186,http://img.org/186,2025-05-06 15:06:06,2025-05-06 15:06:06
187,Org187,Description187,http://img.org/187,2025-04-11 15:06:06,2025-04-11 15:06:06
188,Org188,Description188,http://img.org/188,2024-10-08 15:06:06,2024-10-08 15:06:06
189,Org189,Description189,http://img.org/189,2025-01-27 15:06:06,2025-01-27 15:06:06
190,Org190,Description190,http://img.org/190,2025-01-31 15:06:06,2025-01-31 15:06:06
191,Org191,Description191,http://img.org/191,2025-07-07 15:06:06,2025-07-07 15:06:06
192,Org192,Description192,http://img.org/192,2024-12-13 15:06:06,2024-12-13 15:06:06
193,Org193,Description193,http://img.org/193,2024-10-13 15:06:06,2024-10-13 15:06:06
194,Org194,Description194,http://img.org/194,2025-01-25 15:06:06,2025-01-25 15:06:06
195,Org195,Description195,http://img.org/195,2025-05-28 15:06:06,2025-05-28 15:06:06
196,Org196,Description196,http://img.org/196,2024-10-31 15:06:06,2024-10-31 15:06:06
197,Org197,Description197,http://img.org/197,2025-09-08 15:06:06,2025-09-08 15:06:06
198,Org198,Description198,http://img.org/198,2025-05-07 15:06:06,2025-05-07 15:06:06
199,Org199,Description199,http://img.org/199,2025-04-13 15:06:06,2025-04-13 15:06:06
200,Org200,Description200,http://img.org/200,2025-07-02 15:06:06,2025-07-02 15:06:06
201,Org201,Description201,http://img.org/201,2024-11-25 15:06:06,2024-11-25 15:06:06
202,Org202,Description202,http://img.org/202,2024-10-15 15:06:06,2024-10-15 15:06:06
203,Org203,Description203,http://img.org/203,2025-01-09 15:06:06,2025-01-09 15:06:06
204,Org204,Description204,http://img.org/204,2025-05-20 15:06:06,2025-05-20 15:06:06
205,Org205,Description205,http://img.org/205,2024-11-18 15:06:06,2024-11-18 15:06:06
206,Org206,Description206,http://img.org/206,2024-10-10 15:06:06,2024-10-10 15:06:06
207,Org207,Description207,http://img.org/207,2024-11-22 15:06:06,2024-11-22 15:06:06
208,Org208,Description208,http://img.org/208,2025-01-20 15:06:06,2025-01-20 15:06:06
209,Org209,Description209,http://img.org/209,2025-09-04 15:06:06,2025-09-04 15:06:06
210,Org210,Description210,http://img.org/210,2024-10-21 15:06:06,2024-10-21 15:06:06
211,Org211,Description211,http://img.org/211,2025-04-25 15:06:06,2025-04-25 15:06:06
212,Org212,Description212,http://img.org/212,2025-08-18 15:06:06,2025-08-18 15:06:06
213,Org213,Description213,http://img.org/213,2025-07-23 15:06:06,2025-07-23 15:06:06
214,Org214,Description214,http://img.org/214,2024-10-17 15:06:06,2024-10-17 15:06:06
215,Org215,Description215,http://img.org/215,2024-11-18 15:06:06,2024-11-18 15:06:06
216,Org216,Description216,http://img.org/216,2025-07-04 15:06:06,2025-07-04 15:06:06
217,Org217,Description217,http://img.org/217,2025-02-13 15:06:06,2025-02-13 15:06:06
218,Org218,Description218,http://img.org/218,2025-07-23 15:06:06,2025-07-23 15:06:06
219,Org219,Description219,http://img.org/219,2025-04-07 15:06:06,2025-04-07 15:06:06
220,Org220,Description220,http://img.org/220,2025-06-27 15:06:06,2025-06-27 15:06:06
221,Org221,Description221,http://img.org/221,2025-08-11 15:06:06,2025-08-11 15:06:06
222,Org222,Description222,http://img.org/222,2025-04-07 15:06:06,2025-04-07 15:06:06
223,Org223,Description223,http://img.org/223,2024-11-02 15:06:06,2024-11-02 15:06:06
224,Org224,Description224,http://img.org/224,2024-12-19 15:06:06,2024-12-19 15:06:06
225,Org225,Description225,http://img.org/225,2024-10-25 15:06:06,2024-10-25 15:06:06
226,Org226,Description226,http://img.org/226,2025-07-30 15:06:06,2025-07-30 15:06:06
227,Org227,Description227,http://img.org/227,2025-03-16 15:06:06,2025-03-16 15:06:06
228,Org228,Description228,http://img.org/228,2025-06-20 15:06:06,2025-06-20 15:06:06
229,Org229,Description229,http://img.org/229,2025-07-11 15:06:06,2025-07-11 15:06:06
230,Org230,Description230,http://img.org/230,2025-05-03 15:06:06,2025-05-03 15:06:06
231,Org231,Description231,http://img.org/231,2025-07-19 15:06:06,2025-07-19 15:06:06
232,Org232,Description232,http://img.org/232,2025-09-22 15:06:06,2025-09-22 15:06:06
233,Org233,Description233,http://img.org/233,2024-12-17 15:06:06,2024-12-17 15:06:06
234,Org234,Description234,http://img.org/234,2025-09-13 15:06:06,2025-09-13 15:06:06
235,Org235,Description235,http://img.org/235,2025-05-03 15:06:06,2025-05-03 15:06:06
236,Org236,Description236,http://img.org/236,2024-10-31 15:06:06,2024-10-31 15:06:06
237,Org237,Description237,http://img.org/237,2024-11-08 15:06:06,2024-11-08 15:06:06
238,Org238,Description238,http://img.org/238,2025-04-22 15:06:06,2025-04-22 15:06:06
239,Org239,Description239,http://img.org/239,2025-01-12 15:06:06,2025-01-12 15:06:06
240,Org240,Description240,http://img.org/240,2025-05-23 15:06:06,2025-05-23 15:06:06
241,Org241,Description241,http://img.org/241,2025-08-16 15:06:06,2025-08-16 15:06:06
242,Org242,Description242,http://img.org/242,2024-11-11 15:06:06,2024-11-11 15:06:06
243,Org243,Description243,http://img.org/243,2025-01-05 15:06:06,2025-01-05 15:06:06
244,Org244,Description244,http://img.org/244,2024-11-03 15:06:06,2024-11-03 15:06:06
245,Org245,Description245,http://img.org/245,2025-07-28 15:06:06,2025-07-28 15:06:06
246,Org246,Description246,http://img.org/246,2025-07-10 15:06:06,2025-07-10 15:06:06
247,Org247,Description247,http://img.org/247,2025-07-15 15:06:06,2025-07-15 15:06:06
248,Org248,Description248,http://img.org/248,2025-04-10 15:06:06,2025-04-10 15:06:06
249,Org249,Description249,http://img.org/249,2025-07-30 15:06:06,2025-07-30 15:06:06
250,Org250,Description250,http://img.org/250,2025-06-28 15:06:06,2025-06-28 15:06:06
